Nome,CPF,Dados Banc√°rios
Danilo Alves,gAAAAABn_Dq1t7PVDz9glPxIpMhl4ujZxp2a0l6evlQSt2vnQ8kuXbNN85MZJNekKD3orlSItZe-_QXHtaHjNkwTGUTSdWipwQ==,gAAAAABn_Dq1hRcysfevBK9d-LeWjuCNAASYIlHs8FEUMKJPNvNIvORNqazw-s8GZzVCq0TNfbMAvXFsjl03r_OGD_PFs9kpg9AMZnL7_zLVZX4ReHTfQkcFDvwp1e2gkxdYMn4o0OIH
Lucas Gabriel Moraes,gAAAAABn_Dq1Xn0rFmSRkMiFtSGz3lGM6Y_8WwliAPCF32Kmklt4hvOJSeMmdPSj1z1fOf_mYIxKyw9gGgwy3zahMlAbYexhpQ==,gAAAAABn_Dq1k_X6cEyFFLR2B5O_4LkXm6yshjYnGhWBS42zJ4_kv8dTw_vQV6YY5S5fvf5T7Pet8VsIgu0cwbaMsbemzb-_BJ3QnnwtJJ0owX3LA6EW3m1kZzuIqP3sHoNjYholKpIN
Ana Carolina Guerra,gAAAAABn_Dq1Xaa7q-te4dcFzz8YUtNHuLy8P63zeQoWMPyQkXAlrePClH3F3_AS_m6SZjpT7z7Vpr4uZnSxKtXgrDO45yVwjQ==,gAAAAABn_Dq1-rJdQ3lS2IYZ10Ktct-7-xu7S_Xl1n38wqdX_5-7wYWb6Mo8-YnHanRPt-ZDIlJt-QIAretY3Rp81vKjzNwBz6nUHIi1041isKHmMWGZLZGvhvpu3sR5RABMUMPGDVLR
Enzo Correia,gAAAAABn_Dq1AkK2_IJ336GMbHZvS3CFIY6v_EzP2Nsl22alB8rG5Ovw-OETB0mowXuoITrbew5zNGHskafUyhJhCENj2ODIZg==,gAAAAABn_Dq1r0f3iN-RrzGEqR77DxDOvrh-OgGN_DIDmxiPcz4MktQxv2CPsN3off38ffJkT_L21VNaix-bSqtNPHWc4dd5sW1388FQ_d7LGiGgtbIY1Rb6Ggda7tDddtr4PQGccJmZ
Maria Julia Rocha,gAAAAABn_Dq11VmQiXEIoWuJnAh8opbG4Uf6WaGA82-KqkVmIscJ4v1zR6y9rfiUsCMW55D3zxyjis6tqG5e-G58PRbu4wXeNw==,gAAAAABn_Dq1WoYe1etSGaUXFKiC3wPlNDW7MArSEP5STVGL5W9cQl35nbq5kPOZnbPIpNfEzLrA_RUdXHyPhDo19U0ktYPMTu3J2qcHz3xpA1uCQ904TXLL1JKs3pDKKu630qsU4JYW
Leandro Sampaio,gAAAAABn_Dq17W69bDP5W8fROoW4dA7ZDMM3w9fTyfVfhMLnjXQ2K-b9vmnAVo57rNVV_PMNc1m0VKL_vKnvsnZCXHzlt-Y9TA==,gAAAAABn_Dq1jmCtyAcEydqd2LWZy3-ok1Ezb4OJ77KbRxJSrzeGGeI-8WedsngYitB8sbMZz7r9LfiuMbCHFnRpSLkrrl7NiaxIHX8_gjQ6uRyVwlvxA-k5CilmrZzcByTZY4mW7iD1
Sra. Eloah Peixoto,gAAAAABn_Dq1IV1UKJEarc8_4Qm-vC384ZHQ9wxa6UN5QbyaJLwPTVjX0RP4FAU3SA93RErWVdrnQMHsP3GsE8T4MldX1CZSnw==,gAAAAABn_Dq1gJbhwE3kr8dzLCNz1DemPP4lB0Ztyo0RzEychskDEKyUKcyOjO2WcIOeT2azOqL0pmK39Z5SZ62ITTOs4YvD1YH2hU4QRm6ss2wTm16HdwYGlxHjD5PxlCj45Uwet48-
Caio Monteiro,gAAAAABn_Dq1x5Mef88ADrkrHDgmW7Lcax0CtjuB7IoKPioTBEMyTMryFVqvH9jmQHq0tfa4LBY5ZiNrw6qggqNXcBsdjzojmA==,gAAAAABn_Dq1CDdMYPJGRUN-liHSe09b4z-nRYbkVLyR3NFqX8jIeHLspeQ31zoN1cFl-a4I46EIyaDBejEZe-FZ7T8bC08Hj8pKoISLcI593UDexKvtkseyBMujt1ke-RTULKHV6T63
Srta. Marina Barbosa,gAAAAABn_Dq11dOp9SSnCzJB_lxHcJ_GKK4Ebt_yb448vKH7HT73R8KEUNaATb1BwUAHNKaymoNUiwv0KLzmo34d_qQReEXk8w==,gAAAAABn_Dq1KUuIa0UaRou5fww-ibpqTr0qLH1JD0J9kvgPydqIprFs9EEKZBre1nz7Pgvs6WxHfCDymo0epf8NbHgBuhmLgpeyyhYqoEHSXy2WLeQv4G23o8JIDBOjGsfvkqTCuTbt
Luan Vasconcelos,gAAAAABn_Dq1Jc_-yT393RHv9K9I-1OeLc9D-MlSvQsQd01ubzq3DRUxIQwDW_XrBqh-OPBCEspqUQbeJcJn930w5Iv97jSv9g==,gAAAAABn_Dq1dLFLiazPqZTSHIWY92KHGN7brEUDDOXdKfqGkclxzpuh9TG1Awsv04A_mjwdPUKB2tBK_qsVkzV--rilM6fl4SWuEoj03EAG-XPG3zzB3obmkB9ItLwvGvkfTemTUU-8
